delta,threshold,mean_f1_local,mean_recall_local,mean_precision_local,mean_normal_false_alert_rate_local,mean_onset_valid_detection_rate_local,mean_onset_clean_valid_detection_rate_local,mean_persistent_detection_rate_local,mean_persistent_valid_detection_rate_local,mean_delay_min_onset_local,mean_delay_min_persistent_local,f1_N2,precision_N2,recall_N2,normal_false_alert_rate_N2,onset_valid_detection_rate_N2,onset_clean_valid_detection_rate_N2,persistent_valid_detection_rate_N2,mean_delay_min_onset_N2,f1_N8,precision_N8,recall_N8,normal_false_alert_rate_N8,onset_valid_detection_rate_N8,onset_clean_valid_detection_rate_N8,persistent_valid_detection_rate_N8,mean_delay_min_onset_N8,f1_N9,precision_N9,recall_N9,normal_false_alert_rate_N9,onset_valid_detection_rate_N9,onset_clean_valid_detection_rate_N9,persistent_valid_detection_rate_N9,mean_delay_min_onset_N9,rank_score
0.5,20,0.471072768812744,0.3686544342507645,0.7155264711018784,0.26666666666666666,0.6,0.49333333333333335,0.7200000000000001,0.56,67.26666666666667,853.3030303030304,0.4529379760609358,0.8753943217665615,0.3055045871559633,0.3,1.0,0.84,0.88,92.8,0.4791992492962152,0.7531956735496559,0.3513761467889908,0.4,0.4,0.4,0.4,22.0,0.4810810810810811,0.517989417989418,0.44908256880733943,0.1,0.4,0.24,0.4,87.0,3.3903577419176427
0.5,30,0.45449111475145854,0.3312232415902141,0.789531423269703,0.13333333333333333,0.6,0.52,0.56,0.4266666666666667,115.0,939.7777777777777,0.41409566940277387,0.9053217821782178,0.2684403669724771,0.2,1.0,0.88,0.48,144.0,0.46695739684669574,0.8689138576779026,0.3192660550458716,0.1,0.4,0.4,0.4,39.0,0.48242027800490594,0.5943586299529886,0.4059633027522936,0.1,0.4,0.28,0.4,162.0,3.329631125672501
0.2,30,0.4516810544867033,0.358440366972477,0.6713311204689757,0.3,0.6,0.5066666666666667,0.6666666666666666,0.49333333333333335,81.46666666666667,900.7058823529411,0.43471164309031557,0.8401682439537329,0.2932110091743119,0.3,1.0,0.84,0.68,106.4,0.45834604821483066,0.6845943482224248,0.3444954128440367,0.4,0.4,0.4,0.4,35.0,0.46198547215496366,0.48923076923076925,0.43761467889908257,0.2,0.4,0.28,0.4,103.0,3.125257551280147
0.1,40,0.43494498604473386,0.32966360856269117,0.7000974454993801,0.16666666666666666,0.6,0.5066666666666667,0.5333333333333333,0.3866666666666667,110.06666666666666,937.4814814814814,0.4186884791348953,0.8564946114577425,0.27706422018348625,0.2,1.0,0.84,0.36,125.2,0.43478260869565216,0.7297297297297297,0.30963302752293576,0.2,0.4,0.4,0.4,54.0,0.45136387030365416,0.5140679953106683,0.4022935779816514,0.1,0.4,0.28,0.4,151.0,3.0830466108456025
0.2,40,0.43409491471241607,0.3195718654434251,0.7452260440445581,0.16666666666666666,0.6,0.52,0.5066666666666667,0.3866666666666667,137.06666666666666,938.5185185185186,0.41014799154334036,0.8844984802431611,0.26697247706422017,0.2,1.0,0.88,0.36,135.2,0.4355108877721943,0.8074534161490683,0.2981651376146789,0.2,0.4,0.4,0.4,109.0,0.4566258648217137,0.5437262357414449,0.39357798165137614,0.1,0.4,0.28,0.4,167.0,3.0793129921829974
0.5,40,0.42344928535917,0.2908256880733945,0.8504194691047022,0.13333333333333333,0.6,0.5333333333333333,0.4266666666666667,0.3466666666666667,184.0,985.888888888889,0.3675930010292604,0.9252405625462621,0.22935779816513763,0.2,1.0,0.88,0.24,192.0,0.4158345221112696,0.9342948717948718,0.26743119266055043,0.1,0.4,0.4,0.4,177.0,0.4869203329369798,0.691722972972973,0.3756880733944954,0.1,0.4,0.32,0.4,183.0,3.003130474770013
0.01,40,0.43392564920111826,0.3414067278287461,0.6597593526342239,0.2333333333333333,0.6,0.5066666666666667,0.5733333333333334,0.4000000000000001,90.26666666666667,902.0,0.42590559824368823,0.8443960826985855,0.28477064220183484,0.2,1.0,0.84,0.4,94.8,0.44588344125809437,0.6801505174035748,0.33165137614678897,0.3,0.4,0.4,0.4,49.0,0.42998790810157195,0.4547314578005115,0.4077981651376147,0.2,0.4,0.28,0.4,127.0,2.9921025968044734
0.025,40,0.4350460588746155,0.34061162079510704,0.6655096456439344,0.2333333333333333,0.6,0.5066666666666667,0.5733333333333334,0.4000000000000001,96.60000000000001,902.0,0.42417582417582417,0.8437158469945355,0.283302752293578,0.2,1.0,0.84,0.4,96.8,0.44747443445925006,0.6895893027698186,0.3311926605504587,0.3,0.4,0.4,0.4,49.0,0.4334879179887723,0.46322378716744916,0.4073394495412844,0.2,0.4,0.28,0.4,144.0,2.990250902165129
0.05,40,0.43561188053887845,0.3368195718654434,0.6780939937274755,0.2333333333333333,0.6,0.5066666666666667,0.56,0.4000000000000001,106.13333333333333,902.0,0.421922335444781,0.8454746136865342,0.28110091743119264,0.2,1.0,0.84,0.4,120.4,0.44451430367808864,0.7062937062937062,0.32431192660550456,0.3,0.4,0.4,0.4,52.0,0.44039900249376557,0.4825136612021858,0.405045871559633,0.2,0.4,0.28,0.4,146.0,2.9829808554888477
0.0,40,0.43368626386557296,0.34308868501529055,0.6542141199389352,0.26666666666666666,0.6,0.5066666666666667,0.5733333333333334,0.4000000000000001,88.46666666666665,901.3333333333334,0.42663378545006164,0.8420767982693348,0.2856880733944954,0.3,1.0,0.84,0.4,94.4,0.4438994481912937,0.6691312384473198,0.3321100917431193,0.3,0.4,0.4,0.4,48.0,0.43052555795536357,0.45143432310015097,0.4114678899082569,0.2,0.4,0.28,0.4,123.0,2.926278388795626
0.0,50,0.4187382785959995,0.30749235474006115,0.7201854891739717,0.16666666666666666,0.6,0.5333333333333333,0.4533333333333333,0.3333333333333333,164.86666666666667,990.6666666666666,0.40435458786936235,0.8810844115834874,0.26238532110091745,0.2,1.0,0.88,0.2,151.6,0.40878828229027964,0.7451456310679612,0.281651376146789,0.2,0.4,0.4,0.4,174.0,0.4430719656283566,0.5343264248704663,0.37844036697247707,0.1,0.4,0.32,0.4,169.0,2.910086447717331
0.01,50,0.4191307497628791,0.30675840978593266,0.7249491083740519,0.16666666666666666,0.6,0.5333333333333333,0.44,0.32,166.06666666666666,990.1666666666666,0.40288788221970556,0.8816604708798017,0.2611009174311927,0.2,1.0,0.88,0.16,153.2,0.4098798397863818,0.7524509803921569,0.281651376146789,0.2,0.4,0.4,0.4,174.0,0.44462452728255,0.5407358738501971,0.3775229357798165,0.1,0.4,0.32,0.4,171.0,2.883789665718183
0.025,50,0.4189632556140171,0.3054128440366972,0.7309389300684757,0.16666666666666666,0.6,0.5333333333333333,0.4266666666666667,0.32,168.86666666666667,990.1666666666666,0.40153126329221606,0.8833437305053026,0.2598165137614679,0.2,1.0,0.88,0.16,155.6,0.40886203423967776,0.7622027534418022,0.2793577981651376,0.2,0.4,0.4,0.4,179.0,0.4464964693101575,0.5472703062583223,0.37706422018348623,0.1,0.4,0.32,0.4,172.0,2.880319689122735
0.05,50,0.4191238952141143,0.3036085626911315,0.7428121716729873,0.16666666666666666,0.6,0.5333333333333333,0.39999999999999997,0.3066666666666667,172.26666666666665,988.2222222222223,0.39926062846580407,0.886923562855338,0.25761467889908257,0.2,1.0,0.88,0.12,158.8,0.41044776119402987,0.7877604166666666,0.2775229357798165,0.2,0.4,0.4,0.4,183.0,0.44766329598250887,0.5537525354969574,0.3756880733944954,0.1,0.4,0.32,0.4,175.0,2.8508955808564567
0.1,50,0.4187797242851236,0.2996636085626911,0.7653225037766306,0.16666666666666666,0.6,0.5333333333333333,0.3866666666666667,0.3066666666666667,178.79999999999998,989.6666666666666,0.3943863668910211,0.898238747553816,0.2526605504587156,0.2,1.0,0.88,0.12,166.4,0.41227163047225096,0.8294036061026352,0.2743119266055046,0.2,0.4,0.4,0.4,189.0,0.4496811754920987,0.5683251576734408,0.3720183486238532,0.1,0.4,0.32,0.4,181.0,2.842985563807161
0.2,50,0.4107398658450146,0.28602446483180427,0.8071454592043072,0.16666666666666666,0.6,0.5333333333333333,0.37333333333333335,0.3066666666666667,200.4,992.7777777777777,0.3680657469914881,0.9193548387096774,0.23009174311926606,0.2,1.0,0.88,0.12,211.2,0.40594059405940597,0.8858024691358025,0.26330275229357797,0.2,0.4,0.4,0.4,202.0,0.45821325648414984,0.6162790697674418,0.3646788990825688,0.1,0.4,0.32,0.4,188.0,2.7892261300467247
0.5,50,0.3792946162883153,0.24697247706422018,0.9142206693764745,0.06666666666666667,0.6,0.5466666666666667,0.3333333333333333,0.2933333333333334,277.59999999999997,995.6666666666666,0.31246163290362183,0.9549718574108818,0.18678899082568806,0.2,1.0,0.88,0.08,298.8,0.3361216730038023,0.9822222222222222,0.20275229357798166,0.0,0.4,0.4,0.4,335.0,0.48930054295752157,0.8054679284963197,0.3513761467889908,0.0,0.4,0.36,0.4,199.0,2.7862451318199284
0.1,30,0.44020871006505985,0.36562691131498476,0.6135765934450828,0.46666666666666673,0.6,0.48000000000000004,0.7466666666666667,0.5333333333333333,68.86666666666666,892.1666666666666,0.4401285829091883,0.8149801587301587,0.3014678899082569,0.6,1.0,0.8,0.8,77.6,0.4386317907444668,0.5873749037721324,0.35,0.5,0.4,0.4,0.4,33.0,0.44186575654152443,0.4383747178329571,0.44541284403669723,0.3,0.4,0.24,0.4,96.0,2.7853015069269063
0.5,60,0.3422489943625528,0.21642201834862385,0.9513064133016628,0.0,0.6,0.5866666666666666,0.27999999999999997,0.26666666666666666,324.06666666666666,1008.6296296296296,0.276952260512172,1.0,0.16073394495412843,0.0,1.0,1.0,0.04,365.2,0.273950910530483,1.0,0.15871559633027524,0.0,0.4,0.4,0.36,393.0,0.4758438120450033,0.8539192399049881,0.32981651376146787,0.0,0.4,0.36,0.4,214.0,2.751595977450211
0.01,60,0.3934925758220072,0.2738532110091743,0.77510126106723,0.16666666666666666,0.6,0.5466666666666667,0.36000000000000004,0.2933333333333334,223.20000000000002,1003.6666666666666,0.3678194607268464,0.913391557496361,0.23027522935779818,0.2,1.0,0.88,0.08,229.6,0.36763662171753014,0.8119122257053292,0.23761467889908258,0.2,0.4,0.4,0.4,250.0,0.44502164502164504,0.6,0.3536697247706422,0.1,0.4,0.36,0.4,190.0,2.697436969954696
0.025,60,0.3920062196667145,0.2719571865443425,0.7803046315784948,0.16666666666666666,0.6,0.5466666666666667,0.3466666666666667,0.2933333333333334,226.26666666666665,1003.6666666666666,0.36425106570630605,0.9157427937915743,0.2273394495412844,0.2,1.0,0.88,0.08,232.8,0.36635780470420526,0.8210862619808307,0.23577981651376148,0.2,0.4,0.4,0.4,254.0,0.4454097885896322,0.6040848389630793,0.35275229357798166,0.1,0.4,0.36,0.4,192.0,2.6884248786668583
0.05,60,0.3903769680804207,0.26877675840978593,0.7948006221425524,0.16666666666666666,0.6,0.5466666666666667,0.3466666666666667,0.2933333333333334,230.46666666666667,1004.3333333333334,0.35815602836879434,0.9195751138088012,0.22238532110091744,0.2,1.0,0.88,0.08,238.4,0.3669064748201439,0.85,0.23394495412844038,0.2,0.4,0.4,0.4,258.0,0.44606840105232387,0.6148267526188558,0.35,0.1,0.4,0.36,0.4,195.0,2.677707872321683
0.0,60,0.3933838701010533,0.27452599388379206,0.7701391629928874,0.16666666666666666,0.6,0.5333333333333333,0.36000000000000004,0.2933333333333334,221.73333333333335,1003.6666666666666,0.3690371671056482,0.9111271676300579,0.23137614678899082,0.2,1.0,0.88,0.08,227.2,0.36756373937677056,0.8059006211180124,0.23807339449541284,0.2,0.4,0.4,0.4,249.0,0.4435507038207412,0.5933897002305919,0.3541284403669725,0.1,0.4,0.32,0.4,189.0,2.67180214707088
0.1,60,0.38448484207276995,0.2616207951070337,0.813084573047591,0.16666666666666666,0.6,0.5466666666666667,0.3333333333333333,0.28,242.33333333333334,1001.6666666666666,0.3454463885150292,0.9337105901374293,0.21192660550458717,0.2,1.0,0.88,0.04,256.0,0.3608584939978174,0.8717047451669596,0.22752293577981653,0.2,0.4,0.4,0.4,272.0,0.4471496437054632,0.6338383838383839,0.34541284403669725,0.1,0.4,0.36,0.4,199.0,2.6156060349577466
0.025,30,0.4343300162769605,0.3718348623853211,0.5804881036399444,0.5666666666666667,0.6,0.48000000000000004,0.7600000000000001,0.5466666666666667,64.06666666666666,876.7619047619047,0.442889211673049,0.7899199246349505,0.30770642201834864,0.7,1.0,0.8,0.84,73.2,0.4297155481911074,0.5399028452463567,0.3568807339449541,0.5,0.4,0.4,0.4,27.0,0.43038528896672507,0.41164154103852596,0.45091743119266053,0.5,0.4,0.24,0.4,92.0,2.593253398441176
0.01,30,0.43259178896614414,0.37327217125382256,0.573293208997741,0.5666666666666667,0.6,0.48000000000000004,0.7600000000000001,0.5466666666666667,63.06666666666666,876.6031746031746,0.4446786090621707,0.7880485527544351,0.30972477064220183,0.7,1.0,0.8,0.84,71.2,0.4272428884026258,0.5291327913279132,0.35825688073394496,0.5,0.4,0.4,0.4,27.0,0.42585386943363596,0.4026982829108749,0.4518348623853211,0.5,0.4,0.24,0.4,91.0,2.58730048919791
0.5,10,0.4644529238897133,0.4089296636085627,0.5877533119171651,0.6333333333333333,0.6,0.41333333333333333,0.8266666666666667,0.6,39.53333333333333,720.5333333333333,0.4857544397598058,0.7997475809844342,0.3488073394495413,0.8,1.0,0.68,1.0,49.6,0.4376495612868918,0.5205566097406704,0.3775229357798165,0.6,0.4,0.36,0.4,7.0,0.4699547706224424,0.44295574502639057,0.5004587155963303,0.5,0.4,0.2,0.4,62.0,2.5782783622255203
0.05,30,0.43574932319414234,0.3695718654434251,0.5899211411593605,0.5666666666666667,0.6,0.48000000000000004,0.7466666666666667,0.5333333333333333,65.73333333333333,891.0,0.4416445623342175,0.7966507177033493,0.3055045871559633,0.7,1.0,0.8,0.8,75.2,0.43212986286034144,0.5541995692749462,0.3541284403669725,0.5,0.4,0.4,0.4,29.0,0.43347354438786806,0.41891313649978607,0.44908256880733943,0.5,0.4,0.24,0.4,93.0,2.57059729277657
0.2,60,0.3715244875313292,0.24672782874617738,0.8445794145275318,0.16666666666666666,0.6,0.5466666666666667,0.3333333333333333,0.28,266.2,1003.6666666666666,0.31843831020283664,0.943089430894309,0.19155963302752294,0.2,1.0,0.88,0.04,303.6,0.3393984404010397,0.8908382066276803,0.20963302752293578,0.2,0.4,0.4,0.4,289.0,0.45673671199011123,0.6998106060606061,0.33899082568807337,0.1,0.4,0.36,0.4,206.0,2.539897950125317
0.2,20,0.44076991072391164,0.38737003058103975,0.5637636609690824,0.6333333333333333,0.6,0.45333333333333337,0.7999999999999999,0.5866666666666666,53.0,795.6388888888888,0.45750452079566006,0.7726876090750436,0.324954128440367,0.8,1.0,0.76,0.96,62.0,0.42659574468085104,0.5075949367088608,0.3678899082568807,0.5,0.4,0.36,0.4,18.0,0.4382094666952238,0.41100843712334273,0.46926605504587154,0.6,0.4,0.24,0.4,79.0,2.52341297622898
0.0,30,0.43166704608279943,0.37412844036697246,0.568898990041677,0.6,0.6,0.48000000000000004,0.7600000000000001,0.5466666666666667,62.73333333333333,876.4444444444443,0.444794952681388,0.7840593141797961,0.31045871559633026,0.8,1.0,0.8,0.84,71.2,0.4266666666666667,0.5244147157190635,0.3596330275229358,0.5,0.4,0.4,0.4,27.0,0.42353951890034364,0.3982229402261712,0.4522935779816514,0.5,0.4,0.24,0.4,90.0,2.5172681843311975
0.2,80,0.3113954133400778,0.19333333333333336,0.9490500863557858,0.0,0.6,0.6,0.24,0.21333333333333335,364.06666666666666,814.1666666666666,0.2562789953607423,1.0,0.14697247706422017,0.0,1.0,1.0,0.0,399.2,0.23481781376518218,1.0,0.13302752293577982,0.0,0.4,0.4,0.24,450.0,0.44308943089430897,0.8471502590673575,0.3,0.0,0.4,0.4,0.4,243.0,2.5081816533603116
0.0,80,0.3409846170216462,0.22051987767584094,0.8638232207888402,0.10000000000000002,0.6,0.6,0.25333333333333335,0.21333333333333335,309.0,812.6666666666666,0.3003274598471854,1.0,0.176697247706422,0.0,1.0,1.0,0.0,334.0,0.2840690978886756,0.8705882352941177,0.16972477064220184,0.2,0.4,0.4,0.24,370.0,0.43855729332907756,0.720881427072403,0.31513761467889906,0.1,0.4,0.4,0.4,223.0,2.4816051347532513
0.1,80,0.32890592134289615,0.20834862385321098,0.9043169994256951,0.06666666666666667,0.6,0.6,0.24,0.21333333333333335,331.59999999999997,813.6666666666666,0.27640733712839977,1.0,0.16036697247706422,0.0,1.0,1.0,0.0,366.8,0.2692307692307692,0.9320652173913043,0.1573394495412844,0.1,0.4,0.4,0.24,397.0,0.4410796576695194,0.7808857808857809,0.3073394495412844,0.1,0.4,0.4,0.4,231.0,2.477357018704918
0.01,80,0.3399238883457601,0.2192048929663609,0.8682886957700191,0.10000000000000002,0.6,0.6,0.25333333333333335,0.21333333333333335,310.8666666666667,812.6666666666666,0.29793878825733916,1.0,0.17504587155963303,0.0,1.0,1.0,0.0,335.6,0.2823076923076923,0.8738095238095238,0.168348623853211,0.2,0.4,0.4,0.24,373.0,0.439525184472249,0.7310565635005336,0.31422018348623854,0.1,0.4,0.4,0.4,224.0,2.4754955533830403
0.025,80,0.3381037482685078,0.21730886850152906,0.8737985675017809,0.10000000000000002,0.6,0.6,0.25333333333333335,0.21333333333333335,313.46666666666664,812.6666666666666,0.29233902553658153,1.0,0.1711926605504587,0.0,1.0,1.0,0.0,340.4,0.28053949903660885,0.8771084337349397,0.1669724770642202,0.2,0.4,0.4,0.24,376.0,0.441432720232333,0.7442872687704026,0.3137614678899083,0.1,0.4,0.4,0.4,224.0,2.465614993074031
0.05,80,0.3343656903611743,0.21357798165137618,0.8831407014219431,0.10000000000000002,0.6,0.6,0.25333333333333335,0.21333333333333335,323.26666666666665,812.6666666666666,0.28535472707251847,1.0,0.16642201834862386,0.0,1.0,1.0,0.0,358.8,0.2743122820612166,0.8827930174563591,0.16238532110091744,0.2,0.4,0.4,0.24,386.0,0.44343006194978807,0.7666290868094702,0.3119266055045872,0.1,0.4,0.4,0.4,225.0,2.440862761444697
0.1,20,0.4343914156692487,0.3955963302752294,0.5341327507388199,0.7000000000000001,0.6,0.44,0.8133333333333334,0.6,48.199999999999996,786.2666666666668,0.4655238095238095,0.7558762886597938,0.3363302752293578,0.9,1.0,0.76,1.0,55.6,0.41743119266055045,0.46961009174311924,0.3756880733944954,0.6,0.4,0.32,0.4,16.0,0.42021924482338613,0.37691187181354696,0.47477064220183485,0.6,0.4,0.24,0.4,73.0,2.3693656626769948
0.05,20,0.4293245789862073,0.39871559633027526,0.5171938513824951,0.7333333333333334,0.6,0.41333333333333333,0.8533333333333334,0.6,42.06666666666667,755.1333333333333,0.4685771744595274,0.7438148443735035,0.3420183486238532,0.9,1.0,0.68,1.0,39.2,0.409079570965328,0.448332422088573,0.3761467889908257,0.6,0.4,0.32,0.4,15.0,0.4103169915337665,0.35943428768540875,0.4779816513761468,0.7,0.4,0.24,0.4,72.0,2.235231649278163
0.025,100,0.2716440844224755,0.16394495412844037,0.9503546099290779,0.0,0.5866666666666666,0.5866666666666666,0.17333333333333334,0.14666666666666667,408.6388888888889,827.0,0.22417725643532097,1.0,0.12623853211009176,0.0,0.96,0.96,0.0,437.9166666666667,0.19611088125775755,1.0,0.10871559633027524,0.0,0.4,0.4,0.04,494.0,0.39464411557434814,0.851063829787234,0.25688073394495414,0.0,0.4,0.4,0.4,294.0,2.1446041154676796
0.0,100,0.27659743296710393,0.16828746177370033,0.9398280802292264,0.03333333333333333,0.5866666666666666,0.5866666666666666,0.18666666666666665,0.16,402.3611111111111,825.5,0.23023218054879038,1.0,0.13009174311926605,0.0,0.96,0.96,0.0,432.0833333333333,0.2020618556701031,1.0,0.11238532110091744,0.0,0.4,0.4,0.08,487.0,0.39749826268241834,0.8194842406876791,0.26238532110091745,0.1,0.4,0.4,0.4,288.0,2.1306952874239706
0.025,20,0.42564275088397935,0.3998776758409786,0.5067121742673414,0.7666666666666666,0.6,0.39999999999999997,0.8666666666666667,0.6,41.6,754.4666666666667,0.46932400349868797,0.7356051703877791,0.34458715596330275,1.0,1.0,0.64,1.0,38.8,0.4033448106246926,0.43478260869565216,0.3761467889908257,0.6,0.4,0.32,0.4,15.0,0.4042594385285576,0.349748743718593,0.47889908256880737,0.7,0.4,0.24,0.4,71.0,2.127637670202584
0.5,80,0.25886161182229744,0.15577981651376147,0.9642857142857143,0.0,0.5866666666666666,0.5866666666666666,0.18666666666666668,0.17333333333333334,431.52777777777777,817.8333333333334,0.19745328261948072,1.0,0.10954128440366973,0.0,0.96,0.96,0.0,459.5833333333333,0.1719077568134172,1.0,0.09403669724770643,0.0,0.4,0.4,0.12,529.0,0.40722379603399433,0.8928571428571429,0.26376146788990823,0.0,0.4,0.4,0.4,306.0,2.123918669511412
0.01,20,0.42319511275162774,0.4009785932721712,0.49957901158725054,0.7666666666666666,0.6,0.38666666666666666,0.8666666666666667,0.6,41.0,753.1999999999999,0.46944617299315494,0.7295938104448743,0.3460550458715596,1.0,1.0,0.6,1.0,38.0,0.39922103213242455,0.42531120331950206,0.3761467889908257,0.6,0.4,0.32,0.4,15.0,0.40091813312930374,0.3438320209973753,0.48073394495412847,0.7,0.4,0.24,0.4,70.0,2.0917804510065108
0.01,100,0.27412780403809617,0.16623853211009174,0.9437927663734116,0.03333333333333333,0.5866666666666666,0.5866666666666666,0.17333333333333334,0.14666666666666667,405.6111111111111,826.5,0.22706571242680545,1.0,0.12807339449541286,0.0,0.96,0.96,0.0,435.8333333333333,0.19909128459314332,1.0,0.11055045871559634,0.0,0.4,0.4,0.04,490.0,0.39622641509433965,0.8313782991202346,0.26009174311926603,0.1,0.4,0.4,0.4,291.0,2.0909001050412734
0.0,20,0.4216462452586971,0.40165137614678903,0.4949673373794387,0.7666666666666666,0.6,0.38666666666666666,0.8666666666666667,0.6,40.86666666666667,737.8000000000001,0.4694789081885856,0.724904214559387,0.3471559633027523,1.0,1.0,0.6,1.0,37.6,0.3969022265246854,0.42008196721311475,0.3761467889908257,0.6,0.4,0.32,0.4,15.0,0.3985576010628203,0.3399158303658142,0.481651376146789,0.7,0.4,0.24,0.4,70.0,2.085718314368122
0.05,100,0.26679109514339955,0.16042813455657493,0.9553478712357216,0.0,0.5733333333333334,0.5733333333333334,0.14666666666666667,0.13333333333333333,410.3478260869565,214.0,0.2154551407989522,1.0,0.12073394495412844,0.0,0.92,0.92,0.0,433.04347826086956,0.1908713692946058,1.0,0.10550458715596331,0.0,0.4,0.4,0.0,500.0,0.3940467753366407,0.8660436137071651,0.25504587155963304,0.0,0.4,0.4,0.4,298.0,2.070149887819975
0.1,100,0.25460695916344406,0.15229357798165138,0.956661316211878,0.0,0.5733333333333334,0.5733333333333334,0.14666666666666667,0.13333333333333333,425.37681159420293,216.0,0.19983484723369116,1.0,0.11100917431192661,0.0,0.92,0.92,0.0,449.1304347826087,0.17725752508361203,1.0,0.09724770642201835,0.0,0.4,0.4,0.0,518.0,0.3867285051730289,0.869983948635634,0.2486238532110092,0.0,0.4,0.4,0.4,309.0,2.0063843583929066
0.2,100,0.23512827169339254,0.13889908256880734,0.9599303135888503,0.0,0.5733333333333334,0.5733333333333334,0.13333333333333333,0.12,454.07246376811594,213.33333333333334,0.1790845305713331,1.0,0.09834862385321101,0.0,0.92,0.92,0.0,485.2173913043478,0.15956099620092867,1.0,0.08669724770642202,0.0,0.4,0.4,0.0,541.0,0.36673928830791575,0.8797909407665505,0.231651376146789,0.0,0.4,0.4,0.36,336.0,1.8731072896721206
0.5,5,0.45687202815461636,0.43715596330275225,0.5209358677585669,0.8333333333333334,0.6,0.24,0.9199999999999999,0.6,23.8,545.1999999999999,0.5213326941514861,0.7515549412577747,0.39908256880733944,0.9,1.0,0.36,1.0,22.4,0.409167671893848,0.4315521628498728,0.3889908256880734,0.7,0.4,0.24,0.4,0.0,0.44011571841851493,0.37970049916805326,0.523394495412844,0.9,0.4,0.12,0.4,49.0,1.8170214459517984
0.2,10,0.430969774938797,0.4259021406727828,0.48237485932462015,0.8333333333333334,0.6,0.25333333333333335,0.9066666666666666,0.6,30.400000000000002,639.4,0.4946133588700024,0.7114325068870524,0.3790825688073394,1.0,1.0,0.4,1.0,27.2,0.39532710280373834,0.40285714285714286,0.38807339449541284,0.6,0.4,0.24,0.4,5.0,0.40296886314265024,0.3328349282296651,0.5105504587155963,0.9,0.4,0.12,0.4,59.0,1.7334790997551877
0.5,100,0.1849905573125822,0.10648318042813455,0.9799283154121864,0.0,0.5466666666666667,0.5466666666666667,0.13333333333333333,0.12,507.38720538720537,216.66666666666666,0.12101361834166523,1.0,0.06440366972477064,0.0,0.88,0.88,0.0,562.2727272727273,0.10352327098738583,1.0,0.054587155963302755,0.0,0.4,0.4,0.0,611.0,0.33043478260869563,0.9397849462365592,0.20045871559633027,0.0,0.36,0.36,0.36,348.8888888888889,1.5659083571964567
0.1,10,0.4185725068188976,0.43324159021406733,0.4500166346446459,0.9,0.6,0.18666666666666665,0.9733333333333333,0.6,22.066666666666666,619.6,0.5006999533364442,0.6873798846893018,0.39376146788990823,1.0,1.0,0.24,1.0,7.2,0.37502767323444763,0.36243046640992727,0.3885321100917431,0.7,0.4,0.24,0.4,5.0,0.3799898938858009,0.30023955283470855,0.5174311926605505,1.0,0.4,0.08,0.4,54.0,1.4255566939422573
0.05,10,0.41207405129914193,0.43733944954128434,0.43288134916199666,0.9333333333333332,0.6,0.16,0.9733333333333333,0.6,20.533333333333335,587.7333333333333,0.5034932997365709,0.6699177080158488,0.403302752293578,1.0,1.0,0.16,1.0,5.6,0.36532240672848826,0.34472934472934474,0.3885321100917431,0.8,0.4,0.24,0.4,5.0,0.3674064474323668,0.28399699474079637,0.5201834862385321,1.0,0.4,0.08,0.4,51.0,1.2810962051965682
0.025,10,0.40779116959308626,0.43844036697247707,0.4245700683320815,0.9333333333333332,0.6,0.16,0.9733333333333333,0.6,20.533333333333335,586.6666666666666,0.5042093287827076,0.6634730538922156,0.40660550458715594,1.0,1.0,0.16,1.0,5.6,0.3610400682011935,0.3371815286624204,0.3885321100917431,0.8,0.4,0.24,0.4,5.0,0.35812411179535764,0.27305562244160847,0.5201834862385321,1.0,0.4,0.08,0.4,51.0,1.2639646783723453
0.01,10,0.4058161693119889,0.4393577981651376,0.4204564822027776,0.9333333333333332,0.6,0.16,0.9733333333333333,0.6,20.533333333333335,585.6666666666666,0.5049336509016672,0.6611226611226612,0.40844036697247704,1.0,1.0,0.16,1.0,5.6,0.35745937961595275,0.330988667448222,0.3885321100917431,0.8,0.4,0.24,0.4,5.0,0.35505547741834664,0.26925811803744965,0.5211009174311927,1.0,0.4,0.08,0.4,51.0,1.256064677247956
0.0,10,0.4044467174785325,0.4399694189602446,0.4173576388379369,0.9333333333333332,0.6,0.16,0.9733333333333333,0.6,20.400000000000002,583.0,0.5057679258086406,0.6591981132075472,0.41027522935779814,1.0,1.0,0.16,1.0,5.2,0.35439330543933056,0.32576923076923076,0.3885321100917431,0.8,0.4,0.24,0.4,5.0,0.3531789211876263,0.2671055725370327,0.5211009174311927,1.0,0.4,0.08,0.4,51.0,1.2507202032474638
0.2,5,0.423745480913199,0.45883792048929667,0.4318960003712898,0.9666666666666667,0.6,0.13333333333333333,1.0,0.6,23.066666666666666,447.06666666666666,0.532889628397116,0.6737727910238429,0.44073394495412843,1.0,1.0,0.12,1.0,21.2,0.3649665551839465,0.3352534562211982,0.4004587155963303,0.9,0.4,0.2,0.4,0.0,0.3733802591585346,0.2866617538688283,0.5353211009174312,1.0,0.4,0.08,0.4,48.0,1.2052485903194627
0.1,5,0.4095927525910333,0.46461773700305814,0.4037414328992521,0.9666666666666667,0.6,0.12000000000000001,1.0,0.6,16.0,441.4666666666667,0.5350924624202444,0.6515670265999474,0.4539449541284404,1.0,1.0,0.12,1.0,2.0,0.3431488025127601,0.29993136582017843,0.40091743119266054,0.9,0.4,0.16,0.4,0.0,0.3505369928400955,0.2597259062776304,0.5389908256880734,1.0,0.4,0.08,0.4,46.0,1.1290376770308
0.05,5,0.4028837685807929,0.4688990825688073,0.39007231168420126,0.9666666666666667,0.6,0.12000000000000001,1.0,0.6,16.0,422.73333333333335,0.5392324093816631,0.6435114503816793,0.4640366972477064,1.0,1.0,0.12,1.0,2.0,0.32914714151827557,0.2782884310618067,0.40275229357798165,0.9,0.4,0.16,0.4,0.0,0.34027175484244,0.24841705360911778,0.539908256880734,1.0,0.4,0.08,0.4,46.0,1.1022017409898381
0.025,5,0.40069221572997255,0.4713761467889908,0.38494802971898223,0.9666666666666667,0.6,0.09333333333333332,1.0,0.6,15.866666666666667,422.06666666666666,0.5393329804129169,0.6375469336670838,0.4673394495412844,1.0,1.0,0.08,1.0,1.6,0.32599444958371876,0.2731782945736434,0.4041284403669725,0.9,0.4,0.16,0.4,0.0,0.3367492171932821,0.24411886091621957,0.5426605504587156,1.0,0.4,0.04,0.4,46.0,1.040235529586557
0.01,5,0.39851250529691074,0.47238532110091747,0.3806885293515607,0.9666666666666667,0.6,0.09333333333333332,1.0,0.6,15.866666666666667,421.73333333333335,0.5384453338950916,0.6320474777448071,0.4689908256880734,1.0,1.0,0.08,1.0,1.6,0.32319530963722976,0.2690665039658328,0.40458715596330275,0.9,0.4,0.16,0.4,0.0,0.3338968723584108,0.2409516063440423,0.5435779816513762,1.0,0.4,0.04,0.4,46.0,1.0315166878543096
0.0,5,0.3970755098426115,0.4730886850152905,0.3778126225338722,0.9666666666666667,0.6,0.09333333333333332,1.0,0.6,15.866666666666667,421.73333333333335,0.5381871590432228,0.6283684468397844,0.4706422018348624,1.0,1.0,0.08,1.0,1.6,0.3216171917683482,0.2666868015705225,0.405045871559633,0.9,0.4,0.16,0.4,0.0,0.33142217871626345,0.2383826191913096,0.5435779816513762,1.0,0.4,0.04,0.4,46.0,1.0257687060371128
